1,Coriss,Goodbur,cgoodbur0,7013710725,4735 Oriole Street,cgoodbur0@ucsd.edu,16,Drama,KO7aSTrkZ7
2,Sauveur,Gander,sgander1,6492709829,301 Thackeray Place,sgander1@is.gd,29,Fantasy,V2FsrxsQc
3,Dylan,Heinrich,dheinrich2,3830013140,39 Ridge Oak Avenue,dheinrich2@newyorker.com,73,Action,VM7QMGlT
4,Orren,Hoff,ohoff3,6568858609,2946 Maple Wood Hill,ohoff3@php.net,41,Documentary,K13JjZxLBqj
5,Jazmin,Braysher,jbraysher4,1747124451,93 Golf Course Place,jbraysher4@booking.com,41,Action,AXGAWc
6,Chane,Rowland,crowland5,6717790237,5 Toban Avenue,crowland5@flickr.com,52,Action,eR1Nff7FsZ5K
7,Donia,Joscelin,djoscelin6,6192322104,28917 Esker Crossing,djoscelin6@theglobeandmail.com,40,Drama,gDgFxIUp52Q2
8,Benny,Heinle,bheinle7,9091751584,107 Welch Junction,bheinle7@huffingtonpost.com,78,Drama,Rkbs8Apjcxd
9,Sydel,Mudge,smudge8,7035260579,0 Manufacturers Court,smudge8@alibaba.com,24,Comedy,03pfZbql
10,Perla,Hrinchishin,phrinchishin9,6096176992,81437 North Plaza,phrinchishin9@histats.com,32,Drama,RKQkgU
11,Tomasina,Faustin,tfaustina,1580791174,22 Springs Crossing,tfaustina@ebay.co.uk,98,Comedy,zawIRq
12,Barclay,Wilcox,bwilcoxb,1086579682,146 La Follette Circle,bwilcoxb@typepad.com,57,Adventure,jqOtM02wID
13,Fidelity,Deshorts,fdeshortsc,7849276922,6 Moulton Pass,fdeshortsc@google.es,83,Crime,P3ajfMhUB1
14,Gwenette,Rawling,grawlingd,2234439086,68 High Crossing Street,grawlingd@cam.ac.uk,32,Drama,NL8PWO
15,Jeremiah,Valero,jvaleroe,3200557141,2 Jay Center,jvaleroe@yahoo.com,76,Crime,RfZ3a8
16,Kalvin,Silcocks,ksilcocksf,5477766581,7 Raven Alley,ksilcocksf@stanford.edu,80,Thriller,aSVtfo56qv
17,Freddy,Tolotti,ftolottig,979536804,35061 Kropf Terrace,ftolottig@noaa.gov,26,Documentary,qUvUYybZ
18,Raff,Roller,rrollerh,7372172748,808 Magdeline Point,rrollerh@wordpress.com,87,Comedy,wjMr3JA
19,Talbot,Tourry,ttourryi,645056308,103 Onsgard Drive,ttourryi@topsy.com,49,Drama,LIGWIY6IXK
20,Barthel,Exeter,bexeterj,1028607962,35 Victoria Crossing,bexeterj@pinterest.com,34,Comedy,FLYvxwz
21,Ray,Iacomini,riacominik,9346823585,28087 Alpine Alley,riacominik@wordpress.org,18,Adventure,eLl4FaGMehc
22,Lowell,Gartshore,lgartshorel,4543045521,0248 High Crossing Avenue,lgartshorel@nps.gov,86,Documentary,wFVQSDNXr1
23,Linnet,Getley,lgetleym,2607746159,3 Prentice Point,lgetleym@washingtonpost.com,71,Comedy,f97fMCrVwxh
24,Merrill,Yuryshev,myuryshevn,2088287922,69533 Oakridge Alley,myuryshevn@free.fr,59,Drama,C11FyDzBT
25,Elana,Montes,emonteso,1530715482,6930 Crest Line Street,emonteso@bloomberg.com,23,Comedy,31RLki
26,Lucais,Kinahan,lkinahanp,8105215802,329 Rieder Place,lkinahanp@hostgator.com,18,Adventure,R0hchQkaZ4pT
27,Lazar,Pinkstone,lpinkstoneq,1033304700,472 Tomscot Way,lpinkstoneq@example.com,38,Documentary,8UVP0fVvcF
28,Arri,Lacy,alacyr,3098697954,99369 Prairieview Court,alacyr@geocities.com,54,Comedy,otXq5F40Lj
29,Willow,Fitzpatrick,wfitzpatricks,9020608045,9885 Corscot Hill,wfitzpatricks@themeforest.net,18,Drama,dUjT49t
30,Valle,Rutgers,vrutgerst,1281455636,3387 Waywood Plaza,vrutgerst@si.edu,86,Comedy,t29lcFaC1
31,Cal,Redier,credieru,5234696766,2823 Comanche Pass,credieru@cpanel.net,20,Adventure,36gFOlND
32,Terrel,Marioneau,tmarioneauv,9384068640,8873 Kim Way,tmarioneauv@histats.com,66,Comedy,WR1mc4yC
33,Jacinda,Vincent,jvincentw,3325339514,010 Twin Pines Junction,jvincentw@usda.gov,39,Documentary,uNoQJpuUjXmH
34,Dan,Fayers,dfayersx,7726912316,98359 Barnett Road,dfayersx@facebook.com,16,Comedy,gxYdDsKiJM
35,Arte,Peche,apechey,6748876893,6 Grasskamp Hill,apechey@ucsd.edu,81,Animation,Sdvwa8v
36,Huntington,Jeffry,hjeffryz,8099732758,91757 Grasskamp Circle,hjeffryz@newsvine.com,30,War,ZeljfN
37,Lindie,Greenhouse,lgreenhouse10,5094796720,100 Coleman Circle,lgreenhouse10@digg.com,30,Comedy,XymwAM
38,Vito,Smallcombe,vsmallcombe11,1081594683,3537 Corry Plaza,vsmallcombe11@sourceforge.net,61,Documentary,MwcitH
39,Lilia,Badby,lbadby12,4816087281,79 Mariners Cove Street,lbadby12@zimbio.com,84,Sci-Fi,peG6HJWgM7
40,Emilee,Allibon,eallibon13,3313423523,029 Village Trail,eallibon13@gravatar.com,40,Comedy,X7Fy3zwynrc
41,Ethan,Furse,efurse14,2583918540,6 Onsgard Park,efurse14@wunderground.com,13,Thriller,0brIEmMA
42,Orbadiah,Chad,ochad15,9617200686,9794 Basil Court,ochad15@xing.com,46,Drama,tgotYD
43,Bonnee,Hullbrook,bhullbrook16,4211742493,012 Gulseth Point,bhullbrook16@a8.net,28,Mystery,EY9mnet
44,Cad,Labrow,clabrow17,4540540580,90 Goodland Point,clabrow17@free.fr,77,Drama,ZeXNKr1pRt9P
45,Calvin,Dannehl,cdannehl18,7054551192,2895 Lukken Terrace,cdannehl18@about.me,25,Children,DxCHeRc
46,Francine,Coots,fcoots19,1327612887,12 Morningstar Point,fcoots19@cbslocal.com,60,Drama,LfH5lCo
47,Minta,Snead,msnead1a,5340746097,5421 Elmside Alley,msnead1a@ocn.ne.jp,76,Drama,lqw4yWm2ePBq
48,Gilberta,Purdy,gpurdy1b,9970155989,86 Hudson Avenue,gpurdy1b@nyu.edu,26,Thriller,I46axfravY0
49,Christophorus,Woof,cwoof1c,1433162997,4 Hauk Street,cwoof1c@blinklist.com,20,Documentary,uIvBL6c
50,Antoinette,Gresswood,agresswood1d,7962594411,6507 Meadow Vale Road,agresswood1d@flavors.me,17,Documentary,34HN1luhkYRf
51,Ignace,Wattisham,iwattisham1e,7573188579,42 Tennessee Parkway,iwattisham1e@typepad.com,79,Comedy,RfWc1FNgH0uT
52,Godfrey,Frowing,gfrowing1f,9507822267,37020 Nobel Parkway,gfrowing1f@seesaa.net,31,Drama,xfhqdTiCg28
53,Willey,Schoffel,wschoffel1g,1257522116,4407 Kipling Terrace,wschoffel1g@sogou.com,60,Drama,ukeDEr
54,Graig,Becerro,gbecerro1h,8664797633,1 Sommers Street,gbecerro1h@time.com,70,Musical,M5Ck9jri7
55,Tania,De Beneditti,tdebeneditti1i,1500346837,6610 Maple Place,tdebeneditti1i@behance.net,38,Western,yHHraS
56,Mordecai,Vel,mvel1j,9637573410,9277 Blaine Place,mvel1j@china.com.cn,17,Drama,zEQ8HfvXbfH
57,Tades,MacIlhagga,tmacilhagga1k,9131628648,78700 Hudson Parkway,tmacilhagga1k@paginegialle.it,49,Drama,n8aunPgMmPq
58,Micaela,Mathews,mmathews1l,6275852445,27299 Burrows Pass,mmathews1l@senate.gov,15,Thriller,6pSxPLuIGa3
59,Diannne,Di Filippo,ddifilippo1m,1651040745,79429 Grover Street,ddifilippo1m@independent.co.uk,61,Horror,NEoXlbalWoL
60,Annette,Farris,afarris1n,4771139806,3098 Shelley Parkway,afarris1n@prnewswire.com,18,Drama,84jeSIYER
61,Yance,Higgonet,yhiggonet1o,731138899,05 Farwell Crossing,yhiggonet1o@soundcloud.com,54,Drama,HwiNkzN833y
62,Aldwin,Astell,aastell1p,7317330019,55 Green Ridge Junction,aastell1p@java.com,69,Drama,CUp7HolLjQ
63,Vic,Fawdrie,vfawdrie1q,2420029100,28 Harper Pass,vfawdrie1q@google.co.uk,45,Comedy,B0xqeX8
64,Maire,Senchenko,msenchenko1r,9597167506,0469 Kensington Terrace,msenchenko1r@japanpost.jp,71,Drama,MmFFpryC
65,Arel,Whilde,awhilde1s,9164038025,77 Oriole Parkway,awhilde1s@discuz.net,16,Comedy,w5GgVmBtfywM
66,Ciro,Roderham,croderham1t,8313967498,337 Welch Place,croderham1t@senate.gov,46,Drama,B6vY2O1u6RHI
67,Adelice,Simionato,asimionato1u,7056419127,75 Eliot Lane,asimionato1u@wp.com,24,Comedy,LvWL1Hr6qVQ
68,Waldon,Goldson,wgoldson1v,4163624473,40 Armistice Drive,wgoldson1v@indiegogo.com,84,Drama,EgIiHq
69,Findlay,Whitley,fwhitley1w,2293324044,0 Jackson Street,fwhitley1w@forbes.com,44,Romance,oyx47EAfp0g7
70,Chiarra,O' Hern,cohern1x,2059529794,4899 Beilfuss Lane,cohern1x@dion.ne.jp,29,Thriller,ceQhvI19jI2
71,Lucine,Simister,lsimister1y,995312567,6 Hooker Avenue,lsimister1y@bbc.co.uk,85,Drama,fgUfM6
72,Danya,Peebles,dpeebles1z,304091189,1 Calypso Road,dpeebles1z@flavors.me,54,Comedy,nk3l5gokV
73,Wernher,Baldini,wbaldini20,8921855181,084 Daystar Court,wbaldini20@dagondesign.com,89,Comedy,huRG1YmT4ySi
74,Kleon,Vedeneev,kvedeneev21,9945263439,0388 American Pass,kvedeneev21@themeforest.net,79,Sci-Fi,mgEPaBhFCgIg
75,Consuelo,Kinnin,ckinnin22,6232503724,336 Upham Trail,ckinnin22@dailymotion.com,91,Action,PSvGOLI
76,Corinna,Elkins,celkins23,3465266277,69958 Morrow Trail,celkins23@discuz.net,44,Drama,VUbUc2
77,Kelly,Adcocks,kadcocks24,7483352272,67715 Schmedeman Junction,kadcocks24@multiply.com,83,Comedy,Jq7ALPnnci
78,Jess,Sallarie,jsallarie25,7570755626,6 Coolidge Center,jsallarie25@wikispaces.com,47,Comedy,yfRYpQp
79,Julie,Goslin,jgoslin26,3226471082,2108 Bultman Junction,jgoslin26@naver.com,58,Western,eQKJwyxiL
80,Sarita,Shinton,sshinton27,4955006094,17441 Elmside Drive,sshinton27@biglobe.ne.jp,18,Animation,10g4lYy6nf0
81,Ava,Saill,asaill28,519430085,98 Judy Hill,asaill28@google.ca,62,Comedy,bveHZL3YNEs
82,Roderich,Comsty,rcomsty29,5141648931,13 Onsgard Avenue,rcomsty29@issuu.com,53,Crime,hZboWeIwiSs
83,Nickie,Zapater,nzapater2a,4502722502,2080 Morningstar Pass,nzapater2a@prnewswire.com,28,Drama,MuLE5v
84,Olivette,McGauhy,omcgauhy2b,8785794236,8 Surrey Avenue,omcgauhy2b@tiny.cc,84,Drama,X2ftxS
85,Guy,Leinweber,gleinweber2c,7937629991,924 Blue Bill Park Avenue,gleinweber2c@pcworld.com,54,Comedy,8i93HeOi
86,Deirdre,Kollas,dkollas2d,5432068478,03 Mallard Drive,dkollas2d@furl.net,36,Documentary,4x6Ees
87,Ciro,Regorz,cregorz2e,2665540983,68 Mallory Crossing,cregorz2e@fda.gov,92,Horror,BPtkq6BV
88,Gordie,Corbridge,gcorbridge2f,6201794581,99 Superior Lane,gcorbridge2f@senate.gov,13,Action,oroXQFbKKk
89,Westleigh,Capozzi,wcapozzi2g,2137251205,180 8th Lane,wcapozzi2g@toplist.cz,84,Action,IJxmwARY4fJs
90,La verne,Slowey,lslowey2h,9350840294,7923 Dixon Avenue,lslowey2h@google.com,31,Documentary,DfgWLx6yaWBe
91,Cymbre,Dohmer,cdohmer2i,2042714577,3 Aberg Plaza,cdohmer2i@tiny.cc,22,Film-Noir,TlViaJ4xuR
92,Deanna,McLean,dmclean2j,1997640562,27 Moulton Point,dmclean2j@google.de,40,Thriller,kPcFpvPmqI
93,Purcell,Stebbings,pstebbings2k,9687350261,7 Ruskin Street,pstebbings2k@cbslocal.com,39,Drama,ICnubg3e
94,Barret,de Keyser,bdekeyser2l,9746588605,23 Eliot Parkway,bdekeyser2l@illinois.edu,39,Romance,iqSwcr
95,Morgen,Hillaby,mhillaby2m,7678770073,62384 Carberry Street,mhillaby2m@ox.ac.uk,85,Western,VslxMdMzP69
96,Costanza,Boswell,cboswell2n,9830394263,141 Oak Park,cboswell2n@chron.com,71,Mystery,IWWqDye68sE
97,Malva,Riddock,mriddock2o,4645863673,16 Walton Crossing,mriddock2o@vistaprint.com,83,Drama,rK4fuif
98,Catherina,Andrejs,candrejs2p,9223342422,20945 Moose Junction,candrejs2p@ca.gov,55,Drama,Hzu8TnxC
99,Caren,Loveredge,cloveredge2q,288081307,2 Mayfield Hill,cloveredge2q@imdb.com,99,Drama,PE2vsC
100,Britta,Cowins,bcowins2r,3014327743,8 Maple Wood Drive,bcowins2r@parallels.com,49,Thriller,QTjQxR91Z5d
101,Vania,Jell,vjell2s,6840936872,06 Susan Hill,vjell2s@businessinsider.com,83,Drama,sF0xwr1y
102,Nigel,Atlee,natlee2t,2620896622,59972 Evergreen Trail,natlee2t@cloudflare.com,96,Musical,0hi2h76U
103,Lisette,Wyne,lwyne2u,8458956071,5603 Michigan Avenue,lwyne2u@vkontakte.ru,29,Horror,gf8FC9bQ
104,Carter,Rait,crait2v,8718639054,99 Norway Maple Place,crait2v@indiatimes.com,77,Comedy,asMQp8wzFmAB
105,Fons,Crudgington,fcrudgington2w,3356746359,29 Helena Hill,fcrudgington2w@ovh.net,41,Comedy,Ap6TG0P
106,Vidovic,Gethin,vgethin2x,2902584857,5 Continental Court,vgethin2x@fda.gov,49,Adventure,tOztyYKC
107,Sheelah,Ashfold,sashfold2y,4849668968,7 5th Terrace,sashfold2y@ucla.edu,83,Adventure,J65iTgoM4w
108,Alyosha,Collar,acollar2z,7507407365,0 Grayhawk Junction,acollar2z@google.it,75,Drama,ra0dQZQDTFD
109,Jolee,Teeney,jteeney30,598055509,15 Hallows Road,jteeney30@skype.com,32,Comedy,T66kXJXMrW
110,Hewet,Pinckney,hpinckney31,1434689980,14318 Hermina Pass,hpinckney31@mail.ru,73,Action,xIjSsU2dgMM
111,Tabbie,Strippling,tstrippling32,6628972828,3012 Schlimgen Circle,tstrippling32@google.com.hk,28,Action,vd1iFNnP
112,Arliene,Badcock,abadcock33,3940918563,44 Autumn Leaf Point,abadcock33@wunderground.com,74,Drama,OZvRWfgkDzI
113,Tirrell,McManamon,tmcmanamon34,1217706658,88606 School Point,tmcmanamon34@unblog.fr,65,Fantasy,PgrBnZFa
114,Hartley,Raveau,hraveau35,4073428691,222 Evergreen Park,hraveau35@prnewswire.com,74,Crime,p0UdfK
115,Jessee,Lacer,jlacer36,9011875893,89129 Brickson Park Way,jlacer36@surveymonkey.com,92,,YrcwrBVY0ObN
116,Winne,Killelay,wkillelay37,8956830630,8611 Shasta Way,wkillelay37@google.ca,53,Drama,ybiRmaU
117,Otto,Surmeir,osurmeir38,1317813901,944 Roth Road,osurmeir38@washingtonpost.com,18,Thriller,UFTP0Nibi
118,Lynea,Paddemore,lpaddemore39,2126936570,158 Erie Lane,lpaddemore39@springer.com,86,Musical,C8TiINh5
119,Dillie,Conkey,dconkey3a,7419009503,1 Arrowood Terrace,dconkey3a@wikia.com,97,Drama,PHouNYJ1
120,Meggi,Iacovides,miacovides3b,5572645605,458 Northport Hill,miacovides3b@upenn.edu,41,Comedy,9TzPB04h
121,Terrill,Thornber,tthornber3c,3541973927,173 Orin Terrace,tthornber3c@berkeley.edu,86,Documentary,saNE7Pp4eW9
122,Caresse,Teanby,cteanby3d,8432922242,04738 Linden Street,cteanby3d@census.gov,15,Drama,KMvwWXm8KV5W
123,Ham,Verny,hverny3e,5487174520,9 Columbus Crossing,hverny3e@marketwatch.com,76,Comedy,z3oljk74W8J
124,Harlin,Asplen,hasplen3f,5972529300,6 Macpherson Way,hasplen3f@blinklist.com,95,Drama,cYcwjX
125,Floris,Emmer,femmer3g,9845227554,63851 Judy Lane,femmer3g@nasa.gov,49,Comedy,gvco6D7Rxtq
126,Wilbert,Keele,wkeele3h,1715538978,9 Esch Center,wkeele3h@theatlantic.com,73,Drama,VwDWELIKHN
127,Armando,Fyldes,afyldes3i,8829785903,19307 Westerfield Park,afyldes3i@dailymotion.com,93,Comedy,tzqzld
128,Elvyn,Choffin,echoffin3j,8908527567,92 Namekagon Lane,echoffin3j@tamu.edu,45,Animation,N2QlKD
129,Anitra,Couttes,acouttes3k,1753897254,9 Talmadge Center,acouttes3k@constantcontact.com,86,Drama,O6xwBIS
130,Ree,Fenwick,rfenwick3l,2838506471,45 Merry Trail,rfenwick3l@amazon.co.uk,47,Drama,PjwUUAaN0
131,Carolyn,Bartlet,cbartlet3m,2583478060,95528 Welch Pass,cbartlet3m@usa.gov,72,Comedy,QgufrNq
132,Cherish,Brion,cbrion3n,4370968879,39078 Lindbergh Pass,cbrion3n@ibm.com,49,Adventure,os2OBPaWrg
133,Kasper,Caitlin,kcaitlin3o,6674563242,517 Anniversary Hill,kcaitlin3o@ebay.com,88,Drama,vGGF9g
134,Mikey,Danels,mdanels3p,6697737700,67791 Hagan Parkway,mdanels3p@nhs.uk,39,Drama,yuOddtxjgA
135,Elysee,Guppie,eguppie3q,2634824483,14 Drewry Crossing,eguppie3q@admin.ch,51,Western,CF8JapUuZPU
136,Bennett,Rennick,brennick3r,2653311,5939 Hoard Parkway,brennick3r@cnn.com,42,Romance,8KtdqgZCT
137,Ed,Windley,ewindley3s,1023696231,882 Scoville Lane,ewindley3s@bloglovin.com,29,Comedy,Q7LhR0tkszd
138,Bud,Bousler,bbousler3t,1990240038,316 Towne Terrace,bbousler3t@prlog.org,42,Drama,Gt5Njd
139,Brooks,Winnister,bwinnister3u,2026434603,02958 Johnson Court,bwinnister3u@hatena.ne.jp,98,Drama,KfAxBfPUswb
140,Murry,Cortin,mcortin3v,3690995922,3 Mallory Pass,mcortin3v@quantcast.com,75,Comedy,gfxtvO1
141,Tallie,Mitham,tmitham3w,6099719148,220 Gulseth Terrace,tmitham3w@rakuten.co.jp,64,Drama,InLYhenyvTS
142,Ruby,Errol,rerrol3x,2059347742,0011 Coolidge Junction,rerrol3x@diigo.com,13,Comedy,NmTFF7U6AI
143,Merlina,Grewcock,mgrewcock3y,3165241481,039 Hanover Plaza,mgrewcock3y@baidu.com,81,Drama,JhXlTGMAK4
144,Guglielmo,Lincey,glincey3z,3070004822,6 Maywood Trail,glincey3z@amazon.co.jp,71,Drama,lLOZUxsd2z
145,Lanie,Drewitt,ldrewitt40,2150675374,83040 Autumn Leaf Point,ldrewitt40@quantcast.com,68,Horror,8pNzTqT1jM6
146,Land,Beeson,lbeeson41,3338376057,883 Arapahoe Lane,lbeeson41@sun.com,51,Adventure,Tg6BV1oai7
147,Raimund,Anthonies,ranthonies42,3617107559,15 Bultman Park,ranthonies42@goo.gl,92,Drama,7JdWdOGNQ
148,Cacilia,Alton,calton43,9367710429,61919 4th Trail,calton43@surveymonkey.com,40,Action,iYaT4GBBNe
149,Meredith,Lazenbury,mlazenbury44,5690356042,2294 Ryan Street,mlazenbury44@washington.edu,95,Action,AGYTtC3
150,Oliy,Pierucci,opierucci45,6399746566,8506 Memorial Parkway,opierucci45@tinypic.com,28,Comedy,zcDStUZqtr
151,Winny,Cater,wcater46,3024329706,3100 Petterle Way,wcater46@arizona.edu,77,Horror,NaOzN5eoaz1
152,Torry,Scrowton,tscrowton47,3699715515,203 Hollow Ridge Circle,tscrowton47@webmd.com,44,Crime,Zt0FEoLDjB
153,Dayna,Pilcher,dpilcher48,982206186,3126 Erie Place,dpilcher48@simplemachines.org,89,Fantasy,Sg45RSxp6Es5
154,Stevy,Smithe,ssmithe49,4054960340,804 Sauthoff Terrace,ssmithe49@google.com.au,40,Drama,CHYM2fl7
155,Claudian,Lapley,clapley4a,2336796511,4748 Anthes Pass,clapley4a@pinterest.com,94,Animation,3e6VDQu
156,Garnette,Albiston,galbiston4b,7197950015,6899 Manufacturers Junction,galbiston4b@boston.com,45,Crime,YyWpEEYoX9
157,Abagail,Louys,alouys4c,3581669218,779 Golf View Pass,alouys4c@archive.org,93,Comedy,Xz04rU
158,Angil,Mytton,amytton4d,3462112325,59284 Cottonwood Lane,amytton4d@flavors.me,82,Comedy,gtftT6
159,Franky,Mackrell,fmackrell4e,7857161578,70320 Roxbury Lane,fmackrell4e@last.fm,58,Comedy,ld2XOyxTlJuL
160,Laure,Sharland,lsharland4f,9435651437,22 Goodland Alley,lsharland4f@smh.com.au,83,Comedy,110779zqk2
161,Jsandye,Duddle,jduddle4g,2440630497,1189 Vidon Avenue,jduddle4g@patch.com,31,Adventure,8Fh7g8S
162,Chancey,Streetfield,cstreetfield4h,4726186973,35 Annamark Court,cstreetfield4h@elegantthemes.com,49,Horror,zSobOBG0y
163,Jorey,Izaks,jizaks4i,7281943016,1 Bellgrove Terrace,jizaks4i@aboutads.info,18,Action,kfaFnzE
164,Sigismondo,Cardillo,scardillo4j,1138279722,331 Carey Junction,scardillo4j@goo.ne.jp,46,Drama,97yV3va99sEJ
165,Tracee,Bernardon,tbernardon4k,2527897290,7864 Westport Road,tbernardon4k@rambler.ru,79,Drama,iedGTPdI0F
166,Gratiana,Kittiman,gkittiman4l,3161156811,48 Sherman Avenue,gkittiman4l@hc360.com,57,Action,7H4KWDXS
167,Rourke,Innot,rinnot4m,8327606905,3439 Hermina Junction,rinnot4m@a8.net,90,Documentary,TEvQuqrw
168,Gabriela,Chisolm,gchisolm4n,7423969710,9338 Mifflin Way,gchisolm4n@ed.gov,57,Action,pDZq8Ep9
169,Guss,Cisland,gcisland4o,2122303689,61306 Springview Place,gcisland4o@delicious.com,99,Drama,slMqIFEZzF
170,Farrell,Ovington,fovington4p,8003285186,492 Sutherland Trail,fovington4p@microsoft.com,44,Horror,zBtZozV
171,Constantine,Thorsen,cthorsen4q,4162406111,8219 Carey Trail,cthorsen4q@amazon.de,90,Action,CYHSO8vc
172,Maurits,Baumadier,mbaumadier4r,9951282911,4309 Weeping Birch Circle,mbaumadier4r@sbwire.com,28,Drama,9pkdkaLLE
173,Morton,Benadette,mbenadette4s,7773468389,0072 Waxwing Circle,mbenadette4s@homestead.com,23,Drama,JnODCSDH
174,Aluino,McCosh,amccosh4t,5770786280,3 Warrior Point,amccosh4t@uol.com.br,75,Documentary,VeO0HLW5
175,Raphael,Joutapaitis,rjoutapaitis4u,6913068700,70272 Porter Trail,rjoutapaitis4u@craigslist.org,57,Drama,6lPhfZB
176,Angeli,Jeggo,ajeggo4v,9328520207,05707 Dryden Crossing,ajeggo4v@people.com.cn,65,Comedy,1waHyBNlBi
177,Adam,Moogan,amoogan4w,4364124990,36 Dexter Pass,amoogan4w@studiopress.com,15,Drama,JXLwiEh
178,Quintus,Gianuzzi,qgianuzzi4x,544948440,2 Novick Circle,qgianuzzi4x@senate.gov,22,Adventure,9RhpE7i3BnC
179,Thomasina,Follett,tfollett4y,9563157508,29797 Merrick Junction,tfollett4y@arizona.edu,44,Adventure,mvDNIy
180,Siffre,Tompkins,stompkins4z,9586417077,2228 Packers Hill,stompkins4z@newyorker.com,21,Drama,f3PPuFhBK
181,Torrence,Gowrie,tgowrie50,2108275592,6796 Linden Point,tgowrie50@tiny.cc,67,Drama,VpU5vL
182,Robby,Schottli,rschottli51,4287058224,4 Bunting Lane,rschottli51@meetup.com,80,Adventure,aHJTs0B2DyQI
183,Veronika,Poluzzi,vpoluzzi52,4285232731,40174 Scofield Street,vpoluzzi52@sun.com,82,Adventure,s11wXmGkqjJ
184,Griffie,Blinman,gblinman53,851208029,7 Nevada Avenue,gblinman53@blinklist.com,83,Drama,E3T5y1odrTNk
185,Denyse,Dibbert,ddibbert54,2158726504,5 Mayer Hill,ddibbert54@epa.gov,48,Comedy,dsMMgrdvYlF
186,Shayna,Delph,sdelph55,8995131543,6138 Anthes Terrace,sdelph55@google.com,38,Drama,WJfN9ydRzV0
187,Oliviero,Hayth,ohayth56,2513181387,7 Nelson Terrace,ohayth56@istockphoto.com,75,Comedy,yhlkoQ
188,Gypsy,Deneve,gdeneve57,3499674564,06745 Elgar Way,gdeneve57@squidoo.com,35,Documentary,aZGBojP1r
189,Ella,Romaines,eromaines58,5210476677,3 Pine View Way,eromaines58@bizjournals.com,96,Drama,r8ggsZl
190,Kirsti,Shannon,kshannon59,9968427713,8 Summit Junction,kshannon59@issuu.com,71,Comedy,1o20ncw
191,Frazer,Balcon,fbalcon5a,4923359390,1570 Vahlen Hill,fbalcon5a@prlog.org,42,Comedy,iB6vNtEGvj
192,Mickie,Hillyatt,mhillyatt5b,7293600933,1853 Spaight Way,mhillyatt5b@washingtonpost.com,42,Action,BULwpK5lz
193,Philippa,Oglevie,poglevie5c,3091235173,8 Kenwood Lane,poglevie5c@shutterfly.com,96,Comedy,pC4Pkw
194,Arnie,Migheli,amigheli5d,6614307096,30 Anthes Court,amigheli5d@tinypic.com,13,Crime,JsecaNolrhO
195,Cristina,Allport,callport5e,9579389527,501 Nelson Plaza,callport5e@yahoo.com,51,Drama,2x60GH
196,Ursuline,Doudney,udoudney5f,8078986203,8889 Merry Center,udoudney5f@soundcloud.com,55,Comedy,iHQ36n
197,Millard,MacKereth,mmackereth5g,8410595974,48323 Talisman Crossing,mmackereth5g@is.gd,77,Documentary,ERZ10b9BE
198,Osmond,Rosgen,orosgen5h,2580906363,7488 Dottie Way,orosgen5h@independent.co.uk,32,Drama,2LNtImAf
199,Concordia,Gonzalez,cgonzalez5i,2522804219,5155 Pepper Wood Alley,cgonzalez5i@zimbio.com,33,Musical,E1XSVZ
200,Dylan,Linnock,dlinnock5j,5146168903,2433 Sutherland Park,dlinnock5j@blogspot.com,68,Thriller,ZWowJ0
201,Othelia,Keeley,okeeley5k,4049607913,33081 Brown Terrace,okeeley5k@paypal.com,99,Crime,agXb7t8fW
202,Jefferson,Arpe,jarpe5l,4665967539,121 Oak Valley Center,jarpe5l@myspace.com,26,Drama,Nw7yRGndIe
203,Franni,Stodhart,fstodhart5m,4893437607,835 Dovetail Hill,fstodhart5m@skyrock.com,59,Mystery,o1uWsGb
204,Ryan,Dearnaley,rdearnaley5n,334231302,6183 Nevada Point,rdearnaley5n@china.com.cn,57,Comedy,i9njZQ5Bh
205,Emmaline,Piggins,epiggins5o,8856558432,05561 Westend Pass,epiggins5o@walmart.com,88,Horror,OJ5MeBIbvD
206,Angus,Schroder,aschroder5p,965596400,272 Hollow Ridge Place,aschroder5p@ca.gov,67,Comedy,KgxEeW7aH3cW
207,Christoph,Colenutt,ccolenutt5q,169020800,4351 Calypso Terrace,ccolenutt5q@alibaba.com,55,Drama,9S1aV4kq1R
208,Saunderson,Wasson,swasson5r,8831030841,4953 Ridgeview Court,swasson5r@domainmarket.com,64,Drama,6cwAWE
209,Bay,Poley,bpoley5s,5809454631,8 Algoma Pass,bpoley5s@devhub.com,86,Crime,Kbj0LaPt
210,Vivian,Forrester,vforrester5t,5936356345,38817 Rockefeller Lane,vforrester5t@cdbaby.com,50,Mystery,4skxqfXvOSWq
211,Clayson,Pretious,cpretious5u,2134373342,6546 Gale Place,cpretious5u@wsj.com,75,Horror,EECCiewFD
212,Merrile,Yukhnevich,myukhnevich5v,6921752895,40060 Iowa Parkway,myukhnevich5v@hao123.com,53,Action,CUbvZB2CBQ9
213,Karrah,Summerfield,ksummerfield5w,5458846184,776 Mandrake Point,ksummerfield5w@psu.edu,69,Comedy,UuSHJy4Ljb4c
214,Bendix,Mouncey,bmouncey5x,8552620499,6871 Springview Alley,bmouncey5x@amazon.co.jp,93,Drama,Xun3hymua
215,Anatol,Flexman,aflexman5y,2674431601,4 East Plaza,aflexman5y@army.mil,55,Drama,XKeKKYNceMi
216,Karylin,Ternouth,kternouth5z,6937284624,46928 Warbler Point,kternouth5z@cpanel.net,26,Crime,r1gpceTe4U
217,Dotti,Rodrig,drodrig60,4469433896,9 Utah Street,drodrig60@elpais.com,44,Thriller,aPOE8hfcHx
218,Zora,Nicolson,znicolson61,1484901843,0 Cardinal Court,znicolson61@youtu.be,57,Drama,Sb6U5t
219,Burke,Ride,bride62,2769302051,6871 Montana Park,bride62@soup.io,26,Action,UFZohm47TmX
220,Bridie,Osselton,bosselton63,6108981784,7461 Eliot Drive,bosselton63@disqus.com,15,Comedy,OTGSFP
221,Coriss,Gladdolph,cgladdolph64,7203446840,26384 Emmet Hill,cgladdolph64@reference.com,42,Animation,qaTr6r
222,Ondrea,Leggen,oleggen65,5999095514,0 Lyons Hill,oleggen65@discovery.com,19,Adventure,RfiLo9t
223,Derby,Upwood,dupwood66,9621372585,587 Lawn Park,dupwood66@unesco.org,78,Documentary,CMCpbjzyx
224,Brodie,Romaine,bromaine67,8000178486,631 Butternut Trail,bromaine67@delicious.com,13,Drama,RAJPae
225,Aileen,Hartopp,ahartopp68,5778015615,0 Namekagon Hill,ahartopp68@nytimes.com,63,Comedy,lhBzxGvGP2
226,Emmet,Tothacot,etothacot69,2287696385,8 New Castle Parkway,etothacot69@cbsnews.com,14,Comedy,ivpt4g
227,Tommy,Ashforth,tashforth6a,6047486843,452 Vera Center,tashforth6a@prnewswire.com,46,Action,H7p6nXJRFPdl
228,Elmer,Cluff,ecluff6b,950971014,1 Cordelia Lane,ecluff6b@cnn.com,47,Drama,fVmkxTGvbtO
229,Hobard,Hudel,hhudel6c,9096750667,9 Iowa Drive,hhudel6c@globo.com,32,Documentary,daCnZr5iJnbt
230,Alaric,Ferrierio,aferrierio6d,5065636494,63 Buell Court,aferrierio6d@t-online.de,53,Comedy,n2SDjl
231,Angelica,Dalgarnocht,adalgarnocht6e,5988405304,154 Londonderry Hill,adalgarnocht6e@sphinn.com,62,Action,O5j7UP8
232,Rozina,Neat,rneat6f,3777321524,5346 Morningstar Pass,rneat6f@usgs.gov,61,Drama,Xo8bhi
233,Jens,Sture,jsture6g,1502242613,1038 Bartelt Street,jsture6g@addtoany.com,57,Drama,SippMsxNUK
234,Giuditta,Reinhart,greinhart6h,3686587580,2753 Rockefeller Way,greinhart6h@blogspot.com,20,Drama,9QAXo0Hty
235,Thor,Seniour,tseniour6i,2822658498,8580 Acker Drive,tseniour6i@sfgate.com,45,Crime,dKXQR6i5pd
236,Gustavus,Ankers,gankers6j,5792314594,1693 Cottonwood Drive,gankers6j@51.la,57,Crime,t3dwLB1pEwK
237,Amerigo,Maddra,amaddra6k,4239718171,389 Kingsford Trail,amaddra6k@foxnews.com,94,Crime,74qMxJ5CG
238,Antons,Shernock,ashernock6l,3147794032,8514 Service Drive,ashernock6l@harvard.edu,99,Documentary,reoLYBVoVHd
239,Myca,Bastistini,mbastistini6m,218927142,60944 David Court,mbastistini6m@psu.edu,52,Action,e8vj45g
240,Yetta,Gallemore,ygallemore6n,2037078315,77970 Packers Way,ygallemore6n@baidu.com,18,Drama,gYnPX6
241,Randolph,McKinna,rmckinna6o,5614874860,9 7th Center,rmckinna6o@army.mil,34,Comedy,rMsvlXtWBw
242,Wilhelm,Solloway,wsolloway6p,1413193374,126 Bartillon Point,wsolloway6p@ucsd.edu,72,Action,t7DDqYisqLQ4
243,Terra,Wardingly,twardingly6q,6484482535,64 Bowman Pass,twardingly6q@friendfeed.com,14,Drama,J8M7PAKDNr
244,Fanni,Belcham,fbelcham6r,5321395470,321 Rutledge Crossing,fbelcham6r@is.gd,89,Comedy,ww9FhQ
245,Bee,Bloss,bbloss6s,5706160120,668 Independence Circle,bbloss6s@etsy.com,85,Comedy,bo69jLCpc0jY
246,Kory,Bedell,kbedell6t,80775624,2091 Golden Leaf Road,kbedell6t@mit.edu,17,Comedy,yWsL3ZLnr2
247,Fawn,Rivallant,frivallant6u,1918002851,1892 Fremont Alley,frivallant6u@cocolog-nifty.com,13,Comedy,Qv5m0ZlKFmY
248,Etheline,Haddick,ehaddick6v,6522429977,9493 Jana Way,ehaddick6v@slashdot.org,58,Comedy,GlZ8bEJ
249,Mendie,Kupka,mkupka6w,1824692803,614 Glendale Alley,mkupka6w@nationalgeographic.com,90,Drama,W7A1A9DLS
250,Tammy,Deering,tdeering6x,1345261632,6 Meadow Valley Center,tdeering6x@icio.us,21,Documentary,ur9SQFSP9w
251,Haily,Blackader,hblackader6y,5677974137,8 Meadow Vale Way,hblackader6y@google.ru,91,Crime,lwQLkyl
252,Kleon,Enrdigo,kenrdigo6z,2805746309,35 Caliangt Terrace,kenrdigo6z@a8.net,82,Drama,gQIVqvCS5K3q
253,Delphinia,Cantrell,dcantrell70,7693090827,05982 Bay Avenue,dcantrell70@nature.com,64,Drama,Yvgv6RV4Y
254,Ainslie,Sartain,asartain71,9593620974,09024 Graceland Parkway,asartain71@msu.edu,24,Comedy,SnOpK3
255,Douglass,Clemente,dclemente72,1808161009,00 Arizona Pass,dclemente72@pcworld.com,46,Drama,wEmFuv0NK
256,Lucretia,Scough,lscough73,8641637079,7278 Sugar Court,lscough73@berkeley.edu,44,Action,SAc4GbWk
257,Inger,O'Doran,iodoran74,6703106207,6 Colorado Parkway,iodoran74@cmu.edu,26,Action,v6vVxf1PHGc1
258,Dario,Manjin,dmanjin75,9241264918,50530 Northfield Trail,dmanjin75@aboutads.info,59,Action,YcouVyevl
259,Erna,Heugh,eheugh76,6272816545,2573 Anthes Hill,eheugh76@weebly.com,73,Comedy,bdr4TR4
260,Lark,Suggey,lsuggey77,2161137239,402 Aberg Plaza,lsuggey77@liveinternet.ru,47,Documentary,XJY3jbYFOf
261,Lissa,Vanyard,lvanyard78,6850424335,573 Meadow Vale Circle,lvanyard78@stumbleupon.com,42,Drama,5PkMWX9JUC
262,Xylina,Cubbinelli,xcubbinelli79,4572483582,6 Oriole Hill,xcubbinelli79@desdev.cn,80,Drama,2ALppy
263,Toddy,Bosanko,tbosanko7a,8369850049,5 Vermont Plaza,tbosanko7a@qq.com,66,Drama,tdmivcNXy
264,Oralee,Grady,ogrady7b,6561024176,10245 Daystar Way,ogrady7b@howstuffworks.com,36,Comedy,dyIFGNqvw
265,Kylila,Shemwell,kshemwell7c,8042359950,588 Roth Trail,kshemwell7c@4shared.com,53,Drama,80nGgemwm63O
266,Halsey,Eckhard,heckhard7d,5312640425,38171 Browning Center,heckhard7d@blog.com,66,Documentary,hAIovR9h
267,Fan,Welchman,fwelchman7e,5106320100,5836 American Ash Center,fwelchman7e@ca.gov,86,Documentary,RoRvgKt6N
268,Saloma,Stook,sstook7f,9049223532,1077 Glacier Hill Hill,sstook7f@craigslist.org,98,Horror,OJUm9DSi
269,Henka,Lyddon,hlyddon7g,7994374522,0542 Roth Center,hlyddon7g@nyu.edu,19,Animation,8Vz3t58
270,Delbert,Bampkin,dbampkin7h,6618753783,62 Daystar Crossing,dbampkin7h@toplist.cz,81,Drama,XZhDsRej
271,Anastassia,Baldery,abaldery7i,5612783833,01488 Longview Point,abaldery7i@w3.org,84,Crime,wo6SemK
272,Hilario,Shellum,hshellum7j,9064761256,13 Arapahoe Place,hshellum7j@ted.com,33,Drama,4lqmCBpe6J
273,Basilius,Salmond,bsalmond7k,1969123982,89327 School Point,bsalmond7k@constantcontact.com,46,Comedy,dR1vs0p
274,Arabele,Clayworth,aclayworth7l,6089959073,3 West Junction,aclayworth7l@japanpost.jp,45,Drama,QcAAxUqZQ
275,Larine,Traylen,ltraylen7m,9204189487,87 Park Meadow Terrace,ltraylen7m@bing.com,89,(no genres listed),3jlPow99
276,Leyla,Bradder,lbradder7n,9005809833,47811 Pierstorff Pass,lbradder7n@nytimes.com,19,Drama,qBbpKfblfG
277,Tove,Jurasek,tjurasek7o,574362444,88 Chive Pass,tjurasek7o@bigcartel.com,38,Documentary,N01HxruIEORO
278,Aloysius,Rappport,arappport7p,5192637929,31 Pierstorff Drive,arappport7p@twitter.com,77,Animation,zo3lgEE5
279,Der,Cockitt,dcockitt7q,5079812087,3 Park Meadow Way,dcockitt7q@bing.com,58,Drama,clLwPREn45u
280,Clarabelle,Hallad,challad7r,8715122301,7588 Dahle Park,challad7r@auda.org.au,71,Horror,DxImeBfmE2
281,Sella,Ibbeson,sibbeson7s,7555694808,23439 Artisan Pass,sibbeson7s@berkeley.edu,28,Comedy,6yq5c0VX2YV
282,Eimile,Filer,efiler7t,7375127662,0 Mcbride Point,efiler7t@linkedin.com,36,Drama,MEIYTjBEBWk2
283,Marcos,Dripp,mdripp7u,3344636812,91037 Westend Junction,mdripp7u@istockphoto.com,70,Drama,gFLLGNc
284,Odey,Lukas,olukas7v,3031729900,49530 Karstens Way,olukas7v@mozilla.com,15,Drama,VfH4JM5
285,Erwin,Fairbrother,efairbrother7w,2333688475,8 Scott Plaza,efairbrother7w@goo.gl,56,Drama,rkDmYg
286,Lina,Limeburn,llimeburn7x,2780896736,6 Buena Vista Alley,llimeburn7x@barnesandnoble.com,78,Comedy,UQgkMohf
287,Laraine,Lechelle,llechelle7y,1104097982,5 Green Avenue,llechelle7y@who.int,36,Horror,TC2RDaBi44
288,Prinz,Winterbottom,pwinterbottom7z,5342107407,108 Roth Terrace,pwinterbottom7z@arizona.edu,26,Mystery,zk2Gq7JdC1E
289,Isa,Krop,ikrop80,9390963087,2276 East Alley,ikrop80@biblegateway.com,63,Drama,ZDYDeZ4
290,Ryun,Garford,rgarford81,7690563120,8 Fordem Street,rgarford81@google.com.au,33,Children,259wH1
291,Felic,Baignard,fbaignard82,9475970347,0 Express Place,fbaignard82@home.pl,88,Drama,GKxErgtI
292,Lory,Mosey,lmosey83,2996728815,6587 Drewry Terrace,lmosey83@ucla.edu,64,Romance,LHf2j5dg8
293,Zoe,Mathelin,zmathelin84,7509003563,875 Morrow Place,zmathelin84@lulu.com,65,Musical,eYnpnEDLLF
294,Vachel,Gurys,vgurys85,5547429988,13944 Westerfield Avenue,vgurys85@alibaba.com,37,Thriller,BGAyvZQhdcNv
295,Rowan,Osan,rosan86,7815962580,3330 Carey Plaza,rosan86@yellowbook.com,81,War,61KYo0Q57hO
296,Rodge,Barszczewski,rbarszczewski87,8479268883,92071 Hallows Circle,rbarszczewski87@geocities.jp,41,Horror,sFGQrXJW
297,Tobey,Strippling,tstrippling88,847386759,22 Derek Way,tstrippling88@pbs.org,15,Drama,PW0jKCYtTL
298,Armstrong,Speares,aspeares89,1839228857,19190 Continental Crossing,aspeares89@reference.com,70,Thriller,ng4hAMNlsQ
299,Angel,Kropach,akropach8a,56963009,77230 Shopko Center,akropach8a@youtube.com,79,Adventure,ucOtY0AkQTAs
300,Cristie,Powderham,cpowderham8b,1103467980,30 Mandrake Place,cpowderham8b@mayoclinic.com,42,Comedy,BzXjxZ8Y
301,Cathrin,Scrimshire,cscrimshire8c,862269008,257 Scott Lane,cscrimshire8c@bigcartel.com,55,Action,plyhsZFQIF
302,Chauncey,Spry,cspry8d,1543396755,9 Annamark Way,cspry8d@census.gov,29,Thriller,C1mASug
303,Candida,Pirrey,cpirrey8e,9948452941,08704 Roxbury Pass,cpirrey8e@cnbc.com,24,Adventure,hskiWM
304,Hulda,Solan,hsolan8f,6005514555,2 Vernon Drive,hsolan8f@virginia.edu,68,Drama,9GDANfpW
305,Hernando,Duddle,hduddle8g,9464478373,9973 Ridgeway Crossing,hduddle8g@examiner.com,39,Action,1VXO80fbtCTJ
306,Chanda,Gheerhaert,cgheerhaert8h,6529804803,069 Pearson Parkway,cgheerhaert8h@comcast.net,31,Action,xzOHZ5EKgmy
307,Keefer,Mulheron,kmulheron8i,5079883502,1173 Gina Crossing,kmulheron8i@techcrunch.com,85,Comedy,O8I2s3uM
308,Marylin,Downage,mdownage8j,9060261356,6656 Texas Hill,mdownage8j@arizona.edu,40,Adventure,54NE39lTi
309,Cammie,Hards,chards8k,1208517430,232 Del Sol Circle,chards8k@dion.ne.jp,44,Romance,9yjt4ukSd9
310,Innis,O'Crevan,iocrevan8l,2628324989,4477 Ruskin Terrace,iocrevan8l@usatoday.com,40,Drama,5sfCVms9Gd7
311,Cristi,Sindle,csindle8m,149275587,0 Havey Drive,csindle8m@sogou.com,75,Drama,lgc9hfX
312,Laurette,Ollivierre,lollivierre8n,59250666,55 Michigan Drive,lollivierre8n@acquirethisname.com,70,Adventure,P1VMToTLp2D
313,Cam,Kingswoode,ckingswoode8o,2603319744,8 Oak Trail,ckingswoode8o@wunderground.com,60,Drama,vlTKAwNU
314,Talia,Dibsdale,tdibsdale8p,6566456783,5 Weeping Birch Circle,tdibsdale8p@theguardian.com,54,Western,RkMQu3fI
315,Georgeta,Arkil,garkil8q,8526247948,71 Pennsylvania Alley,garkil8q@hostgator.com,27,Drama,NOIEcP1t5
316,Waneta,Lindwall,wlindwall8r,4827783551,09 Northridge Circle,wlindwall8r@aboutads.info,34,Sci-Fi,JW7Pq3
317,Stanislaus,Dawtre,sdawtre8s,5857013186,1383 Vahlen Park,sdawtre8s@drupal.org,68,Drama,BBfoMe1tpMPy
318,Ruddie,Baccus,rbaccus8t,46377069,64 Shelley Alley,rbaccus8t@patch.com,62,Drama,BCdpZZTqcD9d
319,Freedman,Suddaby,fsuddaby8u,3202871234,8232 Donald Crossing,fsuddaby8u@mysql.com,50,Documentary,kix5G4G
320,Camellia,Freiberg,cfreiberg8v,5648995318,16444 Bellgrove Terrace,cfreiberg8v@admin.ch,21,Documentary,GfJ9IQ
321,Josepha,Honnicott,jhonnicott8w,2202766715,0 Gina Alley,jhonnicott8w@skyrock.com,21,Adventure,XHcCcTk
322,Eddy,Savill,esavill8x,6832802323,73059 Bashford Plaza,esavill8x@go.com,79,Animation,AtcDB7XtbN
323,Werner,Oades,woades8y,4041567262,2 Granby Circle,woades8y@dedecms.com,99,Adventure,WloNxtttz
324,Arleen,Wimsett,awimsett8z,4864965277,2 Butternut Crossing,awimsett8z@cbc.ca,48,Drama,mLmSKIkSVeZ
325,Douglass,Rofe,drofe90,2657928536,9720 Old Shore Way,drofe90@addtoany.com,42,Crime,rlCBGm7
326,Melitta,Bertouloume,mbertouloume91,9059856252,38103 1st Junction,mbertouloume91@mashable.com,72,Comedy,Ogoi1F7PZkg
327,Caressa,Huitson,chuitson92,5723308467,305 Riverside Lane,chuitson92@hhs.gov,67,Action,TCC4rFzaIWUj
328,Theodosia,Errigo,terrigo93,3301967418,77 Calypso Alley,terrigo93@fda.gov,63,Drama,oVzHwIb7
329,Christiana,Ashment,cashment94,8925479710,9722 Sutherland Crossing,cashment94@mlb.com,59,Comedy,WilipLUkc5
330,Tanner,Wannop,twannop95,3263822527,23 Rockefeller Alley,twannop95@blinklist.com,51,Documentary,4nWQghoY7Xyw
331,Lemar,Brimicombe,lbrimicombe96,6302096731,43 Dennis Trail,lbrimicombe96@yandex.ru,99,Animation,OtcyyTW
332,North,Petry,npetry97,9300311840,41 Macpherson Trail,npetry97@cornell.edu,73,Adventure,wf73qZGa3CDT
333,Kaiser,Tour,ktour98,73708437,0078 Shasta Circle,ktour98@lulu.com,76,Drama,MQSFrdxQ
334,Rowena,Hows,rhows99,3757804503,25 American Pass,rhows99@nih.gov,65,Horror,PjYaeBJ
335,Wallie,Kienl,wkienl9a,1882314662,08316 Bluejay Circle,wkienl9a@bloglines.com,32,Sci-Fi,MAL7fcM
336,Lebbie,Daws,ldaws9b,4358613861,572 Hazelcrest Junction,ldaws9b@wordpress.com,25,Drama,WDhiQd9cIaJm
337,Therese,Bisterfeld,tbisterfeld9c,5194372523,22475 Union Circle,tbisterfeld9c@cargocollective.com,16,Drama,aGP2ScJCg3
338,Fax,Dono,fdono9d,7768925645,05 Nancy Trail,fdono9d@hexun.com,45,Adventure,WBwxa3Sk
339,Fay,McAllaster,fmcallaster9e,2446844979,55 International Drive,fmcallaster9e@hubpages.com,80,Drama,1AOM6hQ0
340,Hube,Mattingly,hmattingly9f,8556841554,993 Schiller Plaza,hmattingly9f@buzzfeed.com,32,Comedy,luO0Mz
341,Tera,Hilley,thilley9g,2084977223,2 Briar Crest Trail,thilley9g@wp.com,87,Drama,BpNdtsmV
342,Diarmid,MacMickan,dmacmickan9h,7911268290,110 Di Loreto Drive,dmacmickan9h@narod.ru,56,Musical,BTNUT6kIB
343,Katie,Mainstone,kmainstone9i,1168116716,7 Judy Crossing,kmainstone9i@gravatar.com,48,Musical,WFBiVfIOvYPV
344,Hedwiga,Purdom,hpurdom9j,4151719865,1662 Randy Drive,hpurdom9j@goo.gl,40,Comedy,MxkFvNLx4hE
345,Stevie,Eykelbosch,seykelbosch9k,2482858542,00288 Sloan Hill,seykelbosch9k@wsj.com,49,Action,zGwvmBpl
346,Paulina,Haliburton,phaliburton9l,6963187959,09407 Nevada Junction,phaliburton9l@google.ca,81,Crime,pcPQdIl47
347,Karney,Burch,kburch9m,980098165,7 Dottie Drive,kburch9m@reuters.com,78,Comedy,5DDbjX3oMI
348,Paolina,Tuttiett,ptuttiett9n,91377277,7011 Delladonna Junction,ptuttiett9n@bbc.co.uk,35,Action,VixynnRrY
349,Leeland,Janks,ljanks9o,6422871481,2924 Alpine Way,ljanks9o@utexas.edu,18,Action,TtO77Ari4
350,Joshuah,Woodings,jwoodings9p,8926036634,71371 High Crossing Point,jwoodings9p@opera.com,74,Comedy,8mUNMF6vD
351,Alida,Penketh,apenketh9q,5813272933,19772 Vernon Crossing,apenketh9q@upenn.edu,65,Drama,bEd0Lup
352,Dorian,Bestwick,dbestwick9r,8332722055,26 Roth Way,dbestwick9r@posterous.com,82,Drama,64IfTnQ1
353,Margeaux,Strathman,mstrathman9s,4187930205,4 Dryden Circle,mstrathman9s@trellian.com,56,Comedy,QFFHtpfSKr
354,Christabel,Schubart,cschubart9t,8332681,146 Lerdahl Avenue,cschubart9t@multiply.com,97,Comedy,Qawh5X
355,Maye,Renhard,mrenhard9u,7346331249,0 2nd Center,mrenhard9u@multiply.com,80,Drama,KPWOPjB
356,Kingsley,Readitt,kreaditt9v,7850617789,3 Vera Alley,kreaditt9v@fotki.com,42,Comedy,Ujl4leK
357,Davita,Arrandale,darrandale9w,9081867342,38 Novick Crossing,darrandale9w@mozilla.org,56,Comedy,OK7SXsjjXASM
358,Orland,Munns,omunns9x,5854810476,038 Lake View Avenue,omunns9x@hostgator.com,70,Crime,j8AHUerQ9U08
359,Samson,Duding,sduding9y,3110708043,1 Artisan Lane,sduding9y@cdbaby.com,44,Documentary,WhYWXfNY9Dt4
360,Chico,Wilprecht,cwilprecht9z,6149164144,45397 5th Terrace,cwilprecht9z@cbslocal.com,15,Crime,wXlzk87
361,Tabbatha,Wisniowski,twisniowskia0,5212028531,7 Bluestem Hill,twisniowskia0@cornell.edu,93,Comedy,2WCdDB0
362,Case,Cobon,ccobona1,7041225089,3 Maple Park,ccobona1@sitemeter.com,86,Crime,xH4VYDi0lC
363,Joella,Tarrier,jtarriera2,2134429240,853 Lyons Park,jtarriera2@ucsd.edu,59,Drama,2PPRFq
364,Giffard,Kightly,gkightlya3,7365941103,244 Schurz Street,gkightlya3@furl.net,29,Drama,2778GWeXH
365,Elonore,Burt,eburta4,8474950201,216 Cardinal Avenue,eburta4@fotki.com,50,Comedy,1sR75l9YGip
366,Gene,Healeas,ghealeasa5,3357149664,97 Dwight Trail,ghealeasa5@webeden.co.uk,31,Comedy,OvyM8bKkT25b
367,Marcelline,Friatt,mfriatta6,579579174,62 Melvin Avenue,mfriatta6@ox.ac.uk,85,Drama,EyIhJX
368,Brande,Meneo,bmeneoa7,8446149796,2107 Ruskin Alley,bmeneoa7@google.ru,21,Drama,TjgsOK516Zc
369,Ginevra,Maddrah,gmaddraha8,4247587684,5170 Milwaukee Terrace,gmaddraha8@soup.io,95,Drama,oyvYK31
370,Roscoe,McGilmartin,rmcgilmartina9,2785229517,2 Del Mar Junction,rmcgilmartina9@cdc.gov,86,Horror,cC4guboUC
371,Denny,Napier,dnapieraa,3659187402,39 Crownhardt Parkway,dnapieraa@icio.us,48,Documentary,2iNh7AoW
372,Jasper,Pala,jpalaab,8282344648,8875 Thierer Circle,jpalaab@princeton.edu,22,Drama,KO6FZEfeYF
373,Vivianna,Geal,vgealac,3741716944,2260 Darwin Circle,vgealac@unc.edu,40,Adventure,6Tw3ow
374,Jammie,Pitkin,jpitkinad,1956471669,23 Charing Cross Place,jpitkinad@macromedia.com,40,Drama,JeuRvu9JcEK
375,Corina,Abden,cabdenae,8141161113,476 Dorton Pass,cabdenae@a8.net,87,Comedy,9QOF0k3W3RXo
376,Theressa,Gummory,tgummoryaf,254120210,388 Shasta Street,tgummoryaf@uol.com.br,49,Comedy,M7fS4nh7XrfD
377,Teodora,Brentnall,tbrentnallag,9198616862,3116 Lunder Circle,tbrentnallag@timesonline.co.uk,48,Adventure,8ANBdKH
378,Timotheus,Blader,tbladerah,5153849155,82239 Warbler Hill,tbladerah@tumblr.com,59,Adventure,H9GOj68GkY
379,Luke,Helm,lhelmai,7530595628,5168 Nancy Lane,lhelmai@wired.com,80,Fantasy,Uo5CS4lO
380,Stanford,Humerstone,shumerstoneaj,3869374845,87551 Fulton Park,shumerstoneaj@prnewswire.com,77,Action,HnG8dg
381,Chadd,Leedes,cleedesak,2775142249,32 Manufacturers Road,cleedesak@g.co,14,Drama,WINNbIFwaiLB
382,Currey,Balwin,cbalwinal,7884673231,8295 Sundown Place,cbalwinal@paypal.com,37,Comedy,J2QTLO
383,Teddy,Stanistreet,tstanistreetam,1415762643,2 Loftsgordon Center,tstanistreetam@yale.edu,75,Drama,BJaz80
384,Bary,Kairns,bkairnsan,8008722428,5 Sunfield Hill,bkairnsan@ifeng.com,49,Comedy,EUYhgd
385,Tadeas,Gateland,tgatelandao,3057338097,58 Merrick Point,tgatelandao@harvard.edu,55,Adventure,BFSBVKVn7jz
386,Meriel,Proctor,mproctorap,7633212241,0840 Dahle Hill,mproctorap@wired.com,71,Horror,UQpWZYlVI7qY
387,Gladys,Farrar,gfarraraq,5950675657,8863 La Follette Hill,gfarraraq@amazon.co.uk,96,Horror,vL7GPlUQE
388,Palmer,Jerred,pjerredar,6146034401,9754 Springs Road,pjerredar@sina.com.cn,58,Comedy,0sVSfqr
389,Faydra,Vowles,fvowlesas,8012200988,031 Pierstorff Terrace,fvowlesas@redcross.org,34,Comedy,0oz0b2nBH3Ja
390,Lincoln,Glamart,lglamartat,543695336,9 Kedzie Way,lglamartat@ehow.com,74,Drama,ws2lfQTdCf
391,Manny,Ahrend,mahrendau,3844984232,06756 Crest Line Park,mahrendau@deviantart.com,86,Action,OSk5Cn
392,Prissie,Clyde,pclydeav,2536781585,52049 Buell Alley,pclydeav@youtu.be,24,(no genres listed),e4ZsjNC
393,Freddie,Simla,fsimlaaw,281892431,3885 Warner Junction,fsimlaaw@is.gd,28,Drama,GBgMA8psRAwJ
394,Town,Swett,tswettax,682030430,518 Arrowood Point,tswettax@seattletimes.com,31,Horror,M3RE0SNE
395,Durant,Vigors,dvigorsay,3059870578,7 Mesta Court,dvigorsay@oaic.gov.au,58,Drama,4b60qseKzq
396,Sibilla,Gelderd,sgelderdaz,8689709983,66955 John Wall Place,sgelderdaz@si.edu,80,Comedy,t9s6YPJ
397,Lila,Spitell,lspitellb0,8054487878,51183 Kings Hill,lspitellb0@elpais.com,32,Drama,ypzTDOz
398,Burke,Stockey,bstockeyb1,2724282299,18 Artisan Road,bstockeyb1@nature.com,95,Crime,HK18qGtVF2
399,Way,Kunes,wkunesb2,3231235472,308 Gina Lane,wkunesb2@liveinternet.ru,15,Animation,znpLyB
400,Kaila,Strang,kstrangb3,3410999590,91 Garrison Center,kstrangb3@chronoengine.com,74,Comedy,cQxt6QMa
401,Sheryl,Hillan,shillanb4,8332621259,1 Lakewood Lane,shillanb4@topsy.com,66,Drama,AwfgtVkMr
402,Mirabella,Kiln,mkilnb5,8084743007,616 Briar Crest Road,mkilnb5@goo.gl,48,Adventure,DwaBaWGbP1bh
403,Maximilien,Ruston,mrustonb6,4331161420,72212 Oak Avenue,mrustonb6@google.fr,16,Animation,B9PA2n
404,Verne,McChruiter,vmcchruiterb7,2131751796,89294 Luster Trail,vmcchruiterb7@sphinn.com,77,Drama,68Ar0BpY06k
405,Annalee,Tremeer,atremeerb8,151805857,9 Memorial Lane,atremeerb8@mashable.com,40,Documentary,uJpqaZyj0
406,Gerda,Gerleit,ggerleitb9,3633013652,55317 Doe Crossing Park,ggerleitb9@sciencedaily.com,93,Drama,GhyQWui3L7k
407,Bridget,Scarth,bscarthba,5860884591,1621 Northview Street,bscarthba@themeforest.net,45,Comedy,UGpdEWJnLP0
408,Lanni,Hillam,lhillambb,2296868525,70 Messerschmidt Park,lhillambb@yellowpages.com,35,Crime,ZeYuEeyX
409,Skye,Kaspar,skasparbc,5829922479,61 Hanson Way,skasparbc@cyberchimps.com,25,Action,7TpmfS
410,Hugh,Dawid,hdawidbd,6505839585,9 Paget Place,hdawidbd@miibeian.gov.cn,76,Documentary,QyHlPdG
411,Raul,Trimble,rtrimblebe,5502416135,8623 Dixon Crossing,rtrimblebe@histats.com,22,Western,EXILDVeksB1D
412,Pavia,Borrows,pborrowsbf,7993853613,241 New Castle Alley,pborrowsbf@tripod.com,44,War,Vc2SIMMR
413,Teodor,Fyers,tfyersbg,3879381062,5 Thackeray Crossing,tfyersbg@comsenz.com,77,Horror,iYJIuX
414,Alfonse,Dimitrie,adimitriebh,3069913334,42182 Oxford Way,adimitriebh@utexas.edu,59,Drama,w5pCYTU9mM5T
415,Hadlee,Studdard,hstuddardbi,1442851562,8 Mayfield Lane,hstuddardbi@smugmug.com,31,Children,tbmF490wXF
416,Orelee,Filchakov,ofilchakovbj,7973581162,210 Melody Circle,ofilchakovbj@cpanel.net,26,Drama,OyRZv6Jx
417,Sileas,Lundon,slundonbk,9547935690,31486 Warrior Junction,slundonbk@xinhuanet.com,26,Drama,W9Y1xa
418,Nanine,Chatt,nchattbl,8480985097,322 Lake View Crossing,nchattbl@google.com.au,13,Documentary,2YBrLzqhi
419,Reade,Kausche,rkauschebm,4204150187,1 Vera Junction,rkauschebm@wired.com,96,Drama,aeea4A7dP
420,Felisha,Addams,faddamsbn,6691292669,242 Hoepker Circle,faddamsbn@xinhuanet.com,50,Animation,RNso8oaYW
421,Marylynne,Skully,mskullybo,1687076782,619 Cambridge Place,mskullybo@twitpic.com,74,Drama,mDxoIm
422,Alessandro,Durek,adurekbp,6404264269,1 Cascade Court,adurekbp@geocities.com,34,Documentary,Pf2RlQttJoh
423,Gaye,Timewell,gtimewellbq,4899258291,38 Nelson Trail,gtimewellbq@bigcartel.com,94,Documentary,kk81IYb53T
424,Marisa,Oneill,moneillbr,4253750869,6739 Warrior Place,moneillbr@ustream.tv,38,Crime,qgvWJgB8y
425,Imelda,Allderidge,iallderidgebs,2300163527,79 Harper Alley,iallderidgebs@illinois.edu,77,Drama,4vVXt80n85
426,Virgie,Adolphine,vadolphinebt,4243935513,09880 Buell Parkway,vadolphinebt@foxnews.com,27,Action,MUfsEgEtWj
427,Vern,Ordidge,vordidgebu,5233058650,407 Mariners Cove Crossing,vordidgebu@noaa.gov,56,Action,2rqyP9T
428,Ferd,Getcliffe,fgetcliffebv,3108828215,8 Oriole Trail,fgetcliffebv@abc.net.au,98,Drama,7Qc9xpVWV
429,Helsa,Treweela,htreweelabw,8103676527,87301 Mosinee Drive,htreweelabw@nasa.gov,48,Action,7eeggFDm
430,Mayer,Penner,mpennerbx,5125491306,2 Gulseth Drive,mpennerbx@gmpg.org,81,Action,vvYX6JD2Ktg
431,Edi,Bummfrey,ebummfreyby,481979271,30889 Troy Crossing,ebummfreyby@boston.com,99,Drama,QMP6M98nOBN
432,Adelina,Cowern,acowernbz,7134163458,69 Crownhardt Avenue,acowernbz@foxnews.com,98,Comedy,sA0QRl6m
433,Cortie,Prigg,cpriggc0,8811797772,097 Vermont Drive,cpriggc0@php.net,70,Crime,9xb7BAhrnb
434,Bax,Sheere,bsheerec1,8523301313,362 Cardinal Avenue,bsheerec1@samsung.com,57,Fantasy,pEF5Sfw
435,Fernande,Minchindon,fminchindonc2,7020547230,3 Graceland Point,fminchindonc2@diigo.com,66,Action,6iTNdUK0F
436,Ulrika,Matusov,umatusovc3,4364280739,3 Barnett Point,umatusovc3@typepad.com,62,Crime,oTsT8ecC
437,Daffie,Tanslie,dtansliec4,8297563316,737 Dayton Pass,dtansliec4@yelp.com,57,Comedy,XakKZPch8Br
438,Tait,Karus,tkarusc5,3333675056,97049 Green Ridge Way,tkarusc5@blinklist.com,61,Horror,o7ooY1
439,Artur,Montfort,amontfortc6,4884370422,4 Lien Road,amontfortc6@cocolog-nifty.com,66,Drama,OD6gHlyHhGs
440,Svend,Cotty,scottyc7,5996154757,9201 Waywood Plaza,scottyc7@cdc.gov,30,Comedy,O77cXA
441,Wells,Lightowlers,wlightowlersc8,1877184276,61857 Lake View Circle,wlightowlersc8@nba.com,64,Action,zVQpJFx0UoE8
442,Katrina,Audiss,kaudissc9,4620967114,49 Lunder Junction,kaudissc9@themeforest.net,66,Comedy,3wWW1IgiWU2
443,Cymbre,Flockhart,cflockhartca,3317322306,29 Ruskin Lane,cflockhartca@parallels.com,66,Drama,YdDGgB3iQ34j
444,Perla,Leving,plevingcb,3589475110,6601 Nobel Park,plevingcb@bandcamp.com,69,Thriller,7MHoAPhn
445,Simonne,Kissick,skissickcc,8606652156,2 Blaine Terrace,skissickcc@psu.edu,65,Comedy,GyDP3evCqgp
446,Eduino,Gerbi,egerbicd,3983621198,84630 Delaware Way,egerbicd@stumbleupon.com,34,Western,eKXXNWMa60j
447,Frasier,Courtin,fcourtince,4679711639,4957 Basil Crossing,fcourtince@blog.com,29,Comedy,p6yFGTnat3j
448,Merrie,Twittey,mtwitteycf,7045207603,64 Grim Drive,mtwitteycf@elegantthemes.com,52,Comedy,uMEwW6m
449,Phillie,Lightning,plightningcg,6537085233,34 Saint Paul Trail,plightningcg@ted.com,30,Action,iHjjRg9Xnpvt
450,Griffin,Malletratt,gmalletrattch,1828988502,15897 Karstens Drive,gmalletrattch@wikia.com,13,Comedy,NVgfM4tq
451,Dolli,Gunthorp,dgunthorpci,2713394899,8 Pine View Junction,dgunthorpci@digg.com,28,Comedy,OELn9Qm6K
452,Filberte,Kilian,fkiliancj,9169708916,54217 7th Road,fkiliancj@macromedia.com,52,Comedy,qsnQUi1ubN
453,Arni,Pougher,apougherck,945709897,96 Kim Street,apougherck@abc.net.au,23,Drama,02PEoPT5A
454,Stanfield,Kippen,skippencl,5396624078,08 1st Circle,skippencl@diigo.com,72,Comedy,EiucCf3Liu
455,Flem,Sighart,fsighartcm,3146549328,075 Derek Court,fsighartcm@dell.com,36,Drama,wEOeWasAb
456,Amber,Possa,apossacn,3394726971,25324 Veith Junction,apossacn@scribd.com,80,Animation,wEtw66XG
457,Agnella,Bourgeois,abourgeoisco,3600462644,10709 Oak Plaza,abourgeoisco@blinklist.com,42,Comedy,gkk0VEyQr7t
458,Amber,Curless,acurlesscp,6485540873,5 Susan Lane,acurlesscp@altervista.org,81,Action,Cdww6wdEayrP
459,Pearle,Radage,pradagecq,701415983,05 Luster Park,pradagecq@icio.us,56,Comedy,SqBBJ3BO4mZn
460,Curtice,Flowers,cflowerscr,5943230092,54916 Oakridge Pass,cflowerscr@patch.com,67,Comedy,XFF3G593r9
461,Cristionna,Attwool,cattwoolcs,8116296620,87 Browning Terrace,cattwoolcs@php.net,39,Thriller,GVzXXYX4iq
462,Reinaldo,Jann,rjannct,2093682168,0584 Ramsey Avenue,rjannct@businesswire.com,59,Romance,AP8Zwq1Fyd
463,Devondra,Allcorn,dallcorncu,2089356812,8085 Ryan Park,dallcorncu@auda.org.au,24,Drama,35cPcaZqk2H
464,Devin,Levick,dlevickcv,9771236733,78 Coleman Plaza,dlevickcv@narod.ru,69,Drama,dNtrJh
465,Alana,Flaxman,aflaxmancw,19640439,5781 Gateway Drive,aflaxmancw@surveymonkey.com,77,Sci-Fi,NAoiA3d
466,Burt,Slaght,bslaghtcx,9712528804,533 Declaration Center,bslaghtcx@forbes.com,31,Comedy,ozVp5C0lB1hP
467,Holly-anne,Organer,horganercy,377856126,35180 Buhler Lane,horganercy@ed.gov,50,Documentary,eXnk7Zt
468,Marjory,Mathouse,mmathousecz,1690117869,0 Killdeer Pass,mmathousecz@hubpages.com,97,Children,MF7HgSaj
469,Consuela,Large,clarged0,6546171325,47745 Clove Alley,clarged0@cargocollective.com,57,Comedy,BqfuFFwip
470,Leon,Eye,leyed1,4628636389,0 Norway Maple Place,leyed1@bloglines.com,94,Drama,GHGI6Sw3AeW
471,Kermie,Rowbury,krowburyd2,1458410854,3 Stoughton Circle,krowburyd2@fda.gov,83,Drama,u5jam6a32
472,Lenora,Crips,lcripsd3,9579283370,2127 Del Mar Center,lcripsd3@php.net,88,Musical,sY5Qi80Mh
473,Bobbye,Treffry,btreffryd4,2370640162,356 Columbus Plaza,btreffryd4@parallels.com,63,Documentary,PqqjIuK91nMZ
474,Brander,Hudel,bhudeld5,2562063996,3 Lerdahl Parkway,bhudeld5@posterous.com,52,Drama,u70DpSPOGP3
475,Deeanne,Connah,dconnahd6,5684174884,4673 Thierer Street,dconnahd6@wikimedia.org,80,Drama,cDx5GcWm
476,Germain,Kubek,gkubekd7,2187382494,076 Truax Lane,gkubekd7@google.ca,32,Drama,yXpTpwWRp
477,Krysta,Husk,khuskd8,8092279721,29 Parkside Crossing,khuskd8@msu.edu,47,Action,0cwmKuK
478,Emilie,Hirthe,ehirthed9,2419925874,7457 American Ash Junction,ehirthed9@businessinsider.com,81,Crime,B73LCgf7j
479,Lemar,Jeays,ljeaysda,2419939158,46630 Cordelia Point,ljeaysda@aol.com,92,Drama,IBkGfOndL9Pq
480,Nowell,Loughman,nloughmandb,1608963586,15189 Pine View Park,nloughmandb@patch.com,28,Action,7knFivlQrMFk
481,Inesita,De la Zenne,idelazennedc,1923968556,9 Mcguire Lane,idelazennedc@cbsnews.com,24,Documentary,f0bSbUAlis
482,Katy,Franceschi,kfranceschidd,4690159718,3 Quincy Pass,kfranceschidd@yellowbook.com,59,Documentary,5dQWEiz
483,Webster,Hilldrup,whilldrupde,831412852,727 Pond Trail,whilldrupde@nature.com,61,Western,SqZscRgFc
484,Thurstan,Lehmann,tlehmanndf,3445612005,55838 Stang Parkway,tlehmanndf@earthlink.net,24,Crime,82awv4u4
485,Bonni,Coolahan,bcoolahandg,1280771216,6 4th Crossing,bcoolahandg@amazon.com,24,Romance,XFN6ZUHVfo6
486,Silvano,Scholl,sscholldh,4605137289,76 Colorado Drive,sscholldh@parallels.com,69,Action,CVJmYU
487,Kendricks,Southwood,ksouthwooddi,2810746362,0 Bluestem Point,ksouthwooddi@homestead.com,82,Action,dhDuRdJk0S
488,Lilyan,Kyles,lkylesdj,8333993109,9336 Sutteridge Junction,lkylesdj@goodreads.com,71,Drama,UcAwUrvRkC
489,Quentin,Prettejohns,qprettejohnsdk,4904520238,8 Hovde Street,qprettejohnsdk@independent.co.uk,44,Comedy,YL33jIy
490,Ulrica,Daveridge,udaveridgedl,3445387702,90934 Homewood Avenue,udaveridgedl@dell.com,63,Comedy,crtYdKqK0UrA
491,Verina,Paik,vpaikdm,5645180771,737 Stephen Trail,vpaikdm@tumblr.com,83,Drama,5Pww4p
492,Tammy,Brackley,tbrackleydn,5917847975,7 Graedel Avenue,tbrackleydn@imgur.com,24,Drama,5edb7mUChZ1
493,Aileen,Lamcken,alamckendo,2735616649,0 Havey Hill,alamckendo@sourceforge.net,58,Comedy,fkHwHyV
494,Vance,Turbill,vturbilldp,6588695411,5045 Jenifer Way,vturbilldp@wikimedia.org,97,Drama,80sObMzRs
495,Alvie,Tyne,atynedq,2969316137,43969 Gina Hill,atynedq@cloudflare.com,84,Drama,VKceE9gjRCZ
496,Ginnie,Hoogendorp,ghoogendorpdr,3730924109,4 Dovetail Road,ghoogendorpdr@pbs.org,52,Documentary,RUbA4mwI
497,Gifford,Tichelaar,gtichelaards,8052660807,62 North Place,gtichelaards@oracle.com,48,Action,8LDwTdezrXv6
498,Carey,Andri,candridt,820319643,749 Ohio Parkway,candridt@ucoz.ru,28,Comedy,JymjFIO
499,Dannie,Uvedale,duvedaledu,2907039075,27190 Jana Center,duvedaledu@bandcamp.com,70,Drama,6g7VUhgtau7V
500,Sollie,Attlee,sattleedv,9269880990,73 Packers Plaza,sattleedv@nsw.gov.au,39,Drama,Hra7xAhPWoYE
